Price, Model, Characteristics, Brand, PartType, Category
Intel, some, Core i3, CPU, OFFICE, 3500, Intel, Price, Model, Characteristics, Brand, PartType, Category, 3500, CPU.
Price, Model, Characteristics, Brand, PartType, Category
AMD, Socket AM4, Ryzen 3, CPU, OFFICE, 3400, AMD, Price, Model, Characteristics, Brand, PartType, Category, 3400, CPU.
Price, Model, Characteristics, Brand, PartType, Category
ASUS, 15.6", MB169B, SCREEN, PORTABLE, 8129, ASUS, Price, Model, Characteristics, Brand, PartType, Category, 8129, SCREEN.
Price, Model, Characteristics, Brand, PartType, Category
ASRock, PCIe , H81M, MOTHERBOARD, OFFICE, 1025, ASRock, Price, Model, Characteristics, Brand, PartType, Category, 1025, MOTHERBOARD.
Price, Model, Characteristics, Brand, PartType, Category
Aula, USB, Be Fire, KEYBOARD, GAMING, 699, Aula, Price, Model, Characteristics, Brand, PartType, Category, 699, KEYBOARD.
